id,mcc_code_tr_type,amount,
1,6010 7030,223595.7476353048285551,
2,6010 7070,500697.5101561111069357,
3,6010 7071,802481.0002861391990673,
4,6011 7010,276738.1471753966314786,
