id,mcc_code_tr_type,amount,
1,6010 7030,216800.2615360695691906,
2,6010 7070,535141.6344876673084473,
3,6010 7071,802481.0002861391990673,
4,6011 7010,268328.8093138080428098,
